2016/1/4,97.6663,100.2915,97.0857,100.2743,67649387
2016/1/5,100.6551,100.7502,97.476,97.7615,55790992
2016/1/6,95.7151,97.4379,95.0584,95.8484,68457388
2016/1/7,93.9257,95.3058,91.7841,91.8031,81094428
2016/1/8,93.802,94.335,92.0982,92.2886,70798016
2016/1/11,94.2017,94.2874,92.6502,93.7829,49739377
2016/1/12,95.7056,95.8388,94.0779,95.144,49154227
2016/1/13,95.4867,96.3148,92.6122,92.6978,62439631
2016/1/14,93.2404,95.639,91.1273,94.7252,63170127
2016/1/15,91.5652,93.0024,90.7656,92.4504,79833891
2016/1/19,93.6687,93.8971,90.8989,92.003,53087747
2016/1/20,90.5182,93.459,88.9191,92.1267,72334416
2016/1/21,92.3837,93.1642,90.3659,91.6604,52161463
2016/1/22,93.8781,96.5717,93.6306,96.5337,65800467
2016/1/25,96.6289,96.6384,94.4302,94.6491,51794525
2016/1/26,95.1155,96.0197,93.3451,95.1726,75077002
2016/1/27,91.4129,91.9734,88.843,88.9191,133369674
2016/1/28,89.2713,89.9661,87.9387,89.5568,55678825
2016/1/29,90.2231,92.6502,89.8043,92.6502,64416504
2016/2/1,91.8222,92.0506,90.8037,91.7841,40943541
2016/2/2,90.8228,91.4129,89.7377,89.928,37357215
2016/2/3,90.423,92.1743,89.5473,91.7079,45964294
2016/2/4,91.7367,93.1434,91.0955,92.4448,46471652
2016/2/5,92.3683,92.7511,89.66,89.9758,46418064
2016/2/8,89.1241,91.5835,89.038,90.9232,54021375
2016/2/9,90.2342,91.8132,89.8897,90.9041,44331195
2016/2/10,91.7941,92.2056,90.0524,90.215,42343601
2016/2/11,89.7557,90.6457,88.6073,89.6696,50074711
2016/2/12,90.1385,90.4352,89.0092,89.9471,40351381
2016/2/16,90.9328,92.6841,90.5404,92.4831,49057916
2016/2/17,92.5118,93.9856,92.0142,93.8994,44863243
2016/2/18,94.5885,94.6363,91.9577,92.1195,39020983
2016/2/19,91.8706,92.5978,91.6792,91.9089,35374173
2016/2/22,92.1673,92.7319,91.7941,92.7128,34280758
2016/2/23,92.2534,92.3491,90.483,90.617,31942633
2016/2/24,89.9375,92.2343,89.3059,91.9663,36255745
2016/2/25,91.9185,92.5979,91.1529,92.5979,27582659
2016/2/26,93.019,93.8073,92.4257,92.7415,28991131
2016/2/29,92.6936,94.0047,92.4927,92.531,35216277
2016/3/1,93.4497,96.4355,93.2296,96.2058,50407147
2016/3/2,96.1866,96.5503,95.3541,96.4163,33169560
2016/3/3,96.2536,97.3349,96.1292,97.1341,36955742
2016/3/4,97.9666,99.2873,97.0096,98.5791,46055100
2016/3/7,97.9858,98.4068,96.6173,97.4881,35915810
2016/3/8,96.445,97.3829,96.0814,96.6843,31561889
2016/3/9,96.9522,97.2106,95.957,96.7704,27201683
2016/3/10,97.0479,97.8422,95.8421,96.8183,33513577
2016/3/11,97.8422,97.8805,97.1341,97.8614,27408237
2016/3/14,97.5264,98.4834,97.402,98.1102,25076062
2016/3/15,99.4882,100.6558,99.383,100.0816,40067734
2016/3/16,100.1103,101.7372,100.0911,101.4118,38303493
2016/3/17,100.9811,101.8903,100.4452,101.2491,34420705
2016/3/18,101.7659,101.919,100.6653,101.3639,44205171
2016/3/21,101.3735,103.0195,100.6176,101.3544,35502678
2016/3/22,100.7228,102.675,100.6845,102.1295,32444375
2016/3/23,101.8998,102.4645,101.3448,101.5649,25703495
2016/3/24,100.9333,101.6797,100.3782,101.1247,26132955
2016/3/28,101.4405,101.6223,100.5409,100.6653,19411372
2016/3/29,100.3782,103.1535,100.3687,103.0482,31190083
2016/3/30,103.9765,105.6704,103.9287,104.8474,45601149
2016/3/31,105.0005,105.1727,104.1966,104.3019,25888449
2016/4/1,104.1009,105.2684,103.5459,105.2589,25873950
2016/4/4,105.6704,107.3642,105.5268,106.3403,37356204
2016/4/5,104.7995,105.967,104.7134,105.0866,26578652
2016/4/6,105.4885,106.2063,104.5028,106.1871,26404077
2016/4/7,105.2206,105.6704,103.4703,103.8712,31801870
2016/4/8,104.2253,105.0483,103.5172,103.9861,23581740
2016/4/11,104.2827,105.8522,104.1488,104.3306,29407518
2016/4/12,104.6368,105.7469,103.9861,105.6895,27232325
2016/4/13,106.034,107.5078,106.034,107.2207,33257316
2016/4/14,106.8188,107.5556,106.5412,107.2781,25473923
2016/4/15,107.2877,107.4695,105.01,105.1249,46938969
2016/4/18,104.2062,104.2636,102.3401,102.8568,60821461
2016/4/19,103.2396,103.3545,101.6606,102.3113,32384879
2016/4/20,102.053,103.4406,101.4979,102.5219,30611030
2016/4/21,102.3305,102.3305,100.9811,101.4118,31552525
2016/4/22,100.4931,101.8998,100.1199,101.1343,33683121
2016/4/25,100.4835,101.1055,100.0146,100.5601,28031588
2016/4/26,99.4404,100.7706,99.4404,99.8615,56016165
2016/4/27,91.8706,94.4641,91.5644,93.6123,114602142
2016/4/28,93.4114,93.6698,90.1959,90.751,82242690
2016/4/29,89.9471,90.6457,88.5308,89.7078,68531478
2016/5/2,89.9232,90.0332,88.4255,89.6121,48160104
2016/5/3,90.1481,91.6218,89.6504,91.0859,56831277
2016/5/4,91.105,91.7749,89.7844,90.1385,41025475
2016/5/5,90.5044,90.5718,89.2335,89.7727,35890500
2016/5/6,89.8978,89.9748,88.4343,89.272,43699886
2016/5/9,89.5416,90.2829,89.1468,89.3394,32936436
2016/5/10,89.8593,90.0904,88.6847,89.946,33686836
2016/5/11,90.0037,90.0904,89.0217,89.0698,28719109
2016/5/12,89.272,89.3298,86.1429,86.9805,76314690
2016/5/13,86.6531,88.261,86.6531,87.1538,44392765
2016/5/16,88.9543,90.8799,88.2418,90.3889,61259756
2016/5/17,91.0339,91.1784,89.5512,90.0134,46916939
2016/5/18,90.6584,91.6694,90.3985,91.0436,42062391
2016/5/19,91.1206,91.1206,90.0904,90.697,30442100
2016/5/20,91.1206,91.8812,91.0051,91.679,32025968
2016/5/23,92.3049,93.5758,92.1123,92.844,38018643
2016/5/24,93.6047,94.4423,93.2388,94.2594,35140174
2016/5/25,95.0007,96.0309,94.4616,95.9154,38642108
2016/5/26,95.9732,96.9841,94.9718,96.676,56331159
2016/5/27,95.7421,96.7338,95.5543,96.6183,36341240
2016/5/31,95.8961,96.6664,95.1452,96.1465,42307212
2016/6/1,95.3377,95.8384,94.6734,94.7985,29173285
2016/6/2,93.9705,94.2016,93.0366,94.0861,40191600
2016/6/3,94.1535,94.6156,93.8261,94.2786,28504888
2016/6/6,94.346,98.101,93.9224,94.9622,23292504
2016/6/7,95.5592,96.1561,95.2799,95.3473,22409450
2016/6/8,95.3377,95.8576,95.0104,95.2607,20848131
2016/6/9,94.8371,96.2716,94.7985,95.9443,26601354
2016/6/10,94.8659,95.6513,94.8178,95.1548,31712936
2016/6/13,95.02,95.434,93.4891,93.7202,38020494
2016/6/14,93.7009,94.813,93.1521,93.8357,31931944
2016/6/15,94.1823,94.7504,93.4217,93.5276,29445227
2016/6/16,92.8633,94.1149,92.4974,93.9224,31326815
2016/6/17,93.027,93.0559,91.7561,91.7849,61008219
2016/6/20,92.43,92.9788,91.4961,91.5635,34411901
2016/6/21,91.4094,92.767,91.1553,92.3434,35546358
2016/6/22,92.6707,93.2869,91.8042,91.9968,29219122
2016/6/23,92.3723,92.7092,91.7079,92.5263,32240187
2016/6/24,89.4549,91.135,89.2046,89.9267,75311356
2016/6/27,89.5416,89.5897,88.0974,88.6173,46622188
2016/6/28,89.4453,90.177,88.7136,90.1096,40444914
2016/6/29,90.4755,91.0339,90.1482,90.8895,36531006
2016/6/30,90.928,92.2086,90.7932,92.0449,35836356
2016/7/1,91.939,92.8777,91.7849,92.3241,26026540
2016/7/5,91.8427,91.8523,90.9473,91.4576,27705210
2016/7/6,91.0821,92.1027,90.8606,91.9775,30949090
2016/7/7,92.1412,92.9114,92.0642,92.3723,25139558
2016/7/8,92.9018,93.2869,92.4782,93.0847,28912103
2016/7/11,93.1521,94.0187,93.1329,93.3736,23794945
2016/7/12,93.5565,94.0668,93.5084,93.7972,24167463
2016/7/13,93.7876,94.0379,93.2388,93.2677,25892171
2016/7/14,93.7683,95.3088,93.7009,95.1163,38918997
2016/7/15,95.2414,95.6073,94.8371,95.1066,30136990
2016/7/18,95.0296,96.4064,94.9333,96.1176,36493867
2016/7/19,95.8576,96.2813,95.6458,96.1561,23779924
2016/7/20,96.2813,96.7242,96.0261,96.2428,26275968
2016/7/21,96.1176,97.2441,95.4436,95.7325,32702028
2016/7/22,95.5688,95.6073,94.6541,94.9911,28313669
2016/7/25,94.5963,95.1644,93.3158,93.7202,40382921
2016/7/26,93.2195,94.3268,92.8344,93.0751,56239822
2016/7/27,100.3877,100.4695,98.929,99.1216,92344820
2016/7/28,99.006,100.5658,98.9964,100.4599,39869839
2016/7/29,100.3155,100.6621,99.8244,100.3347,27733688
2016/8/1,100.5273,102.2026,100.5273,102.1063,38167871
2016/8/2,102.1063,102.1255,100.1325,100.5947,33816556
2016/8/3,100.9124,101.9041,100.8739,101.856,30202641
2016/8/4,102.2044,102.611,101.914,102.4852,27408650
2016/8/5,102.8724,104.2083,102.7853,104.0437,40553402
2016/8/8,104.0824,104.9052,103.7339,104.9052,28037220
2016/8/9,104.7697,105.457,104.5568,105.3312,26315204
2016/8/10,105.2344,105.4183,104.3147,104.5471,24008505
2016/8/11,105.0504,105.4473,104.4019,104.4793,27484506
2016/8/12,104.3341,104.973,104.3341,104.7213,18660434
2016/8/15,104.6826,106.0378,104.6245,105.9798,25868209
2016/8/16,106.125,106.7058,105.7184,105.883,33794448
2016/8/17,105.6119,105.8733,104.8762,105.7281,25355976
2016/8/18,105.7377,106.0959,105.5345,105.5925,21984703
2016/8/19,105.2925,106.183,104.8956,105.8636,25368072
2016/8/22,105.3796,105.6119,104.4019,105.0408,25820230
2016/8/23,105.1182,105.8249,105.0601,105.3699,21257669
2016/8/24,105.094,105.2731,104.2373,104.5761,23675081
2016/8/25,103.9566,104.4309,103.2693,104.1308,25086248
2016/8/26,103.9759,104.4987,102.9111,103.521,27766291
2016/8/29,103.2112,104.005,102.8917,103.4048,24970300
2016/8/30,102.4174,103.095,102.127,102.611,24863945
2016/8/31,102.2819,103.1627,102.2625,102.7078,29662406
2016/9/1,102.7465,103.3854,102.2432,103.3177,26701523
2016/9/2,104.2567,104.5471,103.4048,104.2857,26802450
2016/9/6,104.4503,104.8375,104.0727,104.2567,26880391
2016/9/7,104.3825,105.2828,103.6468,104.8956,42364328
2016/9/8,103.8211,103.8404,101.8753,102.1464,53002026
2016/9/9,101.2945,102.34,99.8328,99.8328,46556984
2016/9/12,99.3681,102.34,99.252,102.0689,45292770
2016/9/13,104.0727,105.3118,103.8114,104.4987,62176190
2016/9/14,105.2537,109.4163,105.1279,108.1965,112340318
2016/9/15,110.2197,112.0299,109.8615,111.875,90613177
2016/9/16,111.4394,112.4171,110.394,111.2458,79886911
2016/9/19,111.5072,112.4655,109.6292,109.9487,47023046
2016/9/20,109.4356,110.4714,108.9129,109.939,34514269
2016/9/21,110.21,110.3446,108.8461,109.9196,36003185
2016/9/22,110.6941,111.2652,110.3552,110.9554,31073984
2016/9/23,110.7618,111.12,107.9836,109.1065,52481151
2016/9/26,108.0707,109.7647,107.9836,109.2711,29869442
2016/9/27,109.3872,109.5615,108.7483,109.4743,24607412
2016/9/28,110.0552,110.9748,109.8035,110.3068,29641085
2016/9/29,109.5421,110.1616,108.2256,108.5934,35886990
2016/9/30,108.8645,109.7454,108.2256,109.4356,36379106
2016/10/3,109.1065,109.4356,108.6902,108.9226,21701760
2016/10/4,109.4453,110.6553,109.029,109.3872,29736835
2016/10/5,109.7744,110.0261,109.0871,109.4356,21453089
2016/10/6,110.0648,110.6844,109.5131,110.2488,28779313
2016/10/7,110.6553,110.8973,109.8809,110.4133,24358443
2016/10/10,111.3426,113.0173,111.0522,112.3397,36235956
2016/10/11,113.9369,114.8953,112.4849,112.5817,64041043
2016/10/12,113.5981,114.208,113.0173,113.5885,37586787
2016/10/13,113.056,113.6853,112.0203,113.24,35192406
2016/10/14,114.1112,114.3919,113.3852,113.8692,35652191
2016/10/17,113.5788,114.0725,113.0464,113.7917,23624896
2016/10/18,114.4016,114.4306,113.6949,113.7143,24553478
2016/10/19,113.5013,113.995,110.1616,113.3755,20034594
2016/10/20,113.1238,113.6272,112.6107,113.3174,24125801
2016/10/21,113.0754,113.1722,112.5623,112.8721,23192665
2016/10/24,113.3561,113.9757,113.2593,113.8885,23538673
2016/10/25,114.179,114.5758,113.5594,114.4694,48128970
2016/10/26,110.6553,112.0009,109.6873,111.8944,66134219
2016/10/27,111.7008,112.1558,110.452,110.8199,34562045
2016/10/28,110.2294,111.5266,109.8228,110.0842,37861662
2016/10/31,110.0164,110.5779,109.5808,109.91,26419398
2016/11/1,109.8325,110.1326,106.9962,107.9255,43825812
2016/11/2,107.8384,108.758,107.6738,108.0223,28331709
2016/11/3,107.9834,108.4504,106.592,106.8644,26932602
2016/11/4,105.5995,107.2731,105.1909,105.9012,30836997
2016/11/7,107.1077,107.5261,106.5044,107.4288,32560000
2016/11/8,107.3315,108.7034,106.7379,108.0612,24254179
2016/11/9,106.9131,108.3142,105.1325,107.8861,59176361
2016/11/10,108.0904,108.0904,102.9724,104.8795,57134541
2016/11/11,104.2276,105.9304,103.673,105.5022,34143898
2016/11/14,104.8017,104.898,101.2697,102.8557,51175504
2016/11/15,103.6925,104.7725,103.2928,104.2179,32264510
2016/11/16,103.8189,107.2536,103.7216,107.0201,58840522
2016/11/17,106.845,107.3704,105.8914,106.9812,27632003
2016/11/18,106.7574,107.5553,106.699,107.0882,28428917
2016/11/21,107.1466,108.9661,107.0396,108.7131,29264571
2016/11/22,108.9272,109.3845,108.392,108.7812,25965534
2016/11/23,108.3531,108.4991,107.3509,108.2266,27426394
2016/11/25,108.1293,108.8493,107.9542,108.7715,11475922
2016/11/28,108.4212,109.4283,108.3823,108.5574,27193983
2016/11/29,107.7888,109.005,107.0979,108.4504,28528750
2016/11/30,108.5866,109.1704,107.2925,107.5358,36162258
2016/12/1,107.385,107.9445,106.086,106.5336,37086862
2016/12/2,106.2223,107.1174,105.9109,106.9325,26527997
2016/12/5,107.0298,107.059,105.3271,106.1639,34324540
2016/12/6,106.5433,107.3801,106.2417,106.9812,26195462
2016/12/7,106.3098,108.1877,106.2125,108.032,29998719
2016/12/8,107.8666,109.3942,107.6136,109.0926,27068316
2016/12/9,109.2775,111.6029,109.2775,110.8732,34402627
2016/12/12,110.231,111.8948,109.4526,110.2407,26374377
2016/12/13,110.7662,112.79,110.6786,112.0797,43733811
2016/12/14,111.9338,113.0624,111.8754,112.0797,34031834
2016/12/15,112.2646,113.5781,112.1186,112.6927,46524544
2016/12/16,113.3251,113.3543,112.5224,112.8386,44351134
2016/12/19,112.6732,114.2106,112.6246,113.4905,27779423
2016/12/20,113.5878,114.3273,113.5295,113.7922,21424965
2016/12/21,113.6462,114.23,113.6268,113.8992,23783165
2016/12/22,113.2084,113.3641,112.5175,113.15,26085854
2016/12/23,112.4689,113.3738,112.4689,113.3738,14249484
2016/12/27,113.3738,114.6192,113.3446,114.0938,18296855
2016/12/28,114.3468,114.83,113.0624,113.6073,20905892
2016/12/29,113.3057,113.9474,113.257,113.5781,15039519
2016/12/30,113.5003,114.0354,112.3132,112.6927,30586265
2017/1/3,112.6732,113.1889,111.6613,113.0138,28781865
2017/1/4,112.7219,113.3641,112.6246,112.8873,21118116
2017/1/5,112.79,113.7087,112.683,113.4614,22193587
2017/1/6,113.6268,114.9695,113.3251,114.7263,31751900
2017/1/9,114.7652,116.2052,114.7554,115.7771,33561948
2017/1/10,115.563,116.1566,115.1057,115.8939,24462051
2017/1/11,115.5338,116.6917,115.3976,116.5166,27588593
2017/1/12,115.6847,116.0787,115.0182,116.0301,27086220
2017/1/13,115.8939,116.3901,115.602,115.8257,26111948
2017/1/17,115.1446,116.9933,115.0279,116.7598,34439843
2017/1/18,116.7598,117.2463,116.4777,116.7501,23712961
2017/1/19,116.176,116.8474,116.1468,116.5458,25597291
2017/1/20,117.1977,117.1977,116.5016,116.7598,32597892
2017/1/23,116.7598,117.548,116.536,116.8377,22050218
2017/1/24,116.322,116.8571,116.2733,116.7306,23211038
2017/1/25,117.1685,118.8031,117.0323,118.5891,32586673
2017/1/26,118.3847,119.1339,118.3166,118.6474,26337576
2017/1/27,118.842,119.0464,118.3166,118.6572,20562944
2017/1/30,117.6647,118.3458,117.402,118.3458,30377503
2017/1/31,117.8788,118.1123,117.3631,118.0734,49200993
2017/2/1,123.6,126.9666,123.5805,125.2736,111985040
2017/2/2,124.5195,125.8963,124.3298,125.0595,33710411
2017/2/3,124.8454,125.7017,124.6995,125.5947,24507301
2017/2/6,125.6433,126.9763,125.4195,126.772,26845924
2017/2/7,127.0152,128.5234,126.9277,127.9785,38183841
2017/2/8,127.8034,128.6499,127.6769,128.4747,23004072
2017/2/9,128.6506,129.4275,128.1327,129.4031,28349859
2017/2/10,129.4422,129.9113,129.0415,129.1099,20065458
2017/2/13,130.0481,130.7712,129.7256,130.2533,23035421
2017/2/14,130.4292,132.0123,130.2142,131.9439,33226223
2017/2/15,132.4325,133.1654,131.553,132.4227,35623100
2017/2/16,132.5791,132.8038,131.7678,132.2615,22584555
2017/2/17,132.022,132.7354,132.022,132.6279,22198197
2017/2/21,133.1263,133.6344,132.882,133.5856,24507156
2017/2/22,133.3217,133.996,133.009,133.9862,20836932
2017/2/23,134.2501,134.3478,133.1947,133.4195,20788186
2017/2/24,132.8136,133.5465,132.1979,133.5465,21776585
2017/2/27,134.0156,134.3038,133.1752,133.8103,20257426
2017/2/28,133.9569,134.3038,133.5856,133.869,23482860
2017/3/1,134.7485,136.957,134.4602,136.6052,36414585
2017/3/2,136.8104,137.0827,135.5987,135.7941,26210984
2017/3/3,135.6182,136.6443,135.4325,136.5954,21571121
2017/3/6,136.1899,136.5856,135.4383,136.1654,21750044
2017/3/7,135.8918,136.7909,135.628,136.3413,17446297
2017/3/8,135.7843,136.615,135.6573,135.8332,18707236
2017/3/9,135.5791,135.628,133.9276,135.5205,22155904
2017/3/10,136.0775,136.1822,135.4814,135.97,19612801
2017/3/13,135.6866,136.2534,135.6573,136.0286,17421717
2017/3/14,136.1264,136.4684,135.6768,135.8234,15309065
2017/3/15,136.2338,137.5434,135.8576,137.2599,25691774
2017/3/16,137.514,137.8072,137.0645,137.4847,19231998
2017/3/17,137.7876,137.7876,136.7029,136.8006,43884952
2017/3/20,137.2013,138.2762,137.0352,138.2371,21542038
2017/3/21,138.8723,139.5466,136.5466,136.6541,39529912
2017/3/22,136.6589,138.374,136.5759,138.1981,25860165
2017/3/23,138.0417,138.3587,137.4065,137.7094,20346301
2017/3/24,138.2762,138.5108,137.1524,137.4358,22395563
2017/3/27,136.2143,138.0026,135.4618,137.6704,23575094
2017/3/28,137.6997,140.7584,137.4163,140.5238,33374805
2017/3/29,140.4066,141.1981,139.9277,140.8365,29189955
2017/3/30,140.9049,141.2079,140.2307,140.6509,21207252
2017/3/31,140.4457,140.9831,139.7518,140.387,19661651
2017/4/3,140.4359,140.8365,139.7909,140.4261,19985714
2017/4/4,139.9864,141.589,139.9082,141.4717,19891354
2017/4/5,140.9343,142.146,140.5336,140.7388,27717854
2017/4/6,141.0027,141.2274,140.1818,140.387,21149034
2017/4/7,140.4554,140.8952,140.0059,140.0743,16658543
2017/4/10,140.3284,140.6012,139.6443,139.9082,18933397
2017/4/11,139.6834,140.0841,136.869,138.4033,30379376
2017/4/12,138.374,138.9114,137.7974,138.5694,20350000
2017/4/13,138.6769,139.1362,137.8365,137.8365,17822880
2017/4/17,138.2567,138.6476,137.6606,138.5987,16582094
2017/4/18,138.1883,138.8039,137.8951,137.9831,14697544
2017/4/19,138.6476,138.7648,137.2502,137.4749,17328375
2017/4/20,138.0026,139.6639,137.944,139.1948,23319562
2017/4/21,139.1948,139.4293,138.6183,139.0287,17320928
2017/4/24,140.2307,140.6704,139.918,140.3675,17134333
2017/4/25,140.6313,141.5988,140.5922,141.2372,18871501
2017/4/26,141.1786,141.3056,140.1097,140.4066,20041241
2017/4/27,140.6435,140.8756,140.045,140.5141,14246347
2017/4/28,140.8072,141.0124,140.0059,140.3772,20860358
2017/5/1,141.7942,143.8464,141.6574,143.2405,33602943
2017/5/2,144.1786,144.7161,143.4946,144.1493,45352194
2017/5/3,142.273,144.1298,140.9831,143.7096,45697034
2017/5/4,143.1819,143.7877,142.488,143.1916,23371872
2017/5/5,143.4164,145.5858,143.4164,145.5663,27327725
2017/5/8,145.6347,150.1983,145.6347,149.524,48752413
2017/5/9,150.3644,151.3514,149.954,150.4817,39130363
2017/5/10,150.1299,150.4328,148.6445,149.7683,25805692
2017/5/11,149.5917,151.1814,149.4544,151.0636,27255058
2017/5/12,151.7995,153.4873,151.7701,153.1733,32527017
2017/5/15,153.085,153.713,152.143,152.7808,26009719
2017/5/16,153.0163,153.134,151.8192,152.5551,20048478
2017/5/17,150.7202,151.672,146.9031,147.433,50767678
2017/5/18,148.4339,150.465,148.2965,149.68,33568215
2017/5/19,150.5043,151.093,149.7684,150.1903,26960788
2017/5/22,151.1127,151.6818,150.0431,151.1029,22966437
2017/5/23,151.9958,151.9958,150.4356,150.9164,19918871
2017/5/24,150.9557,151.2795,149.8076,150.465,19219154
2017/5/25,150.8477,151.4561,150.1609,150.9851,19235598
2017/5/26,151.1127,151.3482,150.4356,150.73,21927637
2017/5/30,150.5435,151.5346,150.4552,150.7889,20126851
2017/5/31,151.0832,151.2795,149.523,149.8959,24451164
2017/6/1,150.2982,150.4552,149.366,150.308,16404088
2017/6/2,150.7005,152.5355,150.0235,152.5355,27770715
2017/6/5,151.4463,151.5542,150.5828,151.044,25331662
2017/6/6,151.0145,152.8887,150.8968,151.5542,26624926
2017/6/7,152.1135,153.0555,151.5837,152.457,21069647
2017/6/8,152.3392,152.6238,151.5052,152.0841,21250798
2017/6/9,152.2804,152.2804,143.2823,146.1868,64882657
2017/6/12,143.0075,143.351,139.8381,142.6935,72307330
2017/6/13,144.4009,144.6855,142.4286,143.8416,34165445
2017/6/14,144.7345,144.7345,141.1432,142.4384,31531232
2017/6/15,140.6329,141.771,139.5437,141.5847,32165373
2017/6/16,141.0843,141.7908,139.5339,139.6026,50361093
2017/6/19,140.9665,143.9888,140.9665,143.5963,32541404
2017/6/20,144.1164,144.1164,142.2225,142.2912,24900073
2017/6/21,142.7917,143.3307,141.8987,143.1351,21265751
2017/6/22,143.037,143.9495,142.3991,142.8996,19106294
2017/6/23,142.409,144.4009,142.3893,143.5374,35439389
2017/6/26,144.4107,145.4999,142.6543,143.086,25692361
2017/6/27,142.2912,143.4197,140.9273,141.0352,24761891
2017/6/28,141.781,143.3706,140.476,143.0958,22082432
2017/6/29,141.9968,142.409,139.6124,140.9862,31499368
2017/6/30,141.7417,142.2422,141.0843,141.3198,23024107
2017/7/3,142.1637,142.5759,140.417,140.8095,14277848
2017/7/5,140.996,142.0753,140.0478,141.3885,21569557
2017/7/6,140.3385,140.8095,139.74,140.054,24128782
2017/7/7,140.2208,142.0361,140.2208,141.4768,19201712
2017/7/10,141.4081,143.2136,140.682,142.3403,21090636
2017/7/11,142.0165,143.1155,141.673,142.8015,19781836
2017/7/12,143.1351,143.4393,142.1048,143.0075,24884478
2017/7/13,142.772,145.706,142.7132,144.9995,25199373
2017/7/14,145.1957,146.5302,144.5677,146.2457,20132061
2017/7/17,146.0298,148.0708,145.7845,146.7559,23793456
2017/7/18,146.4027,147.3152,145.8826,147.2662,17868792
2017/7/19,147.6587,148.581,147.1386,148.1885,20922969
2017/7/20,148.6595,148.895,147.3741,147.5213,17243748
2017/7/21,147.1779,147.6194,146.0887,147.4526,26252630
2017/7/24,147.7568,149.5819,147.0895,149.2385,21493160
2017/7/25,148.9539,150.9557,148.9539,149.8763,18853932
2017/7/26,150.4749,151.044,150.1903,150.5828,15780951
2017/7/27,150.8674,151.1029,144.5383,147.7372,32476337
2017/7/28,147.0797,147.4134,146.3929,146.697,17213653
2017/7/31,147.0895,147.5115,145.3527,145.9415,19845920
2017/8/1,154.1153,155.9404,153.7327,155.6166,21194042
2017/8/2,156.2937,156.7549,153.2322,154.1938,69936800
2017/8/3,154.1055,154.2625,152.1135,152.6532,27097296
2017/8/4,153.1439,154.4489,152.771,153.4579,20559852
2017/8/7,154.1153,155.9404,153.7327,155.8325,21870321
2017/8/8,155.6264,158.7959,155.3026,157.0787,36205896
2017/8/9,156.2741,158.2464,156.1269,158.0403,26131530
2017/8/10,157.5183,157.6168,152.3268,153.0065,40804273
2017/8/11,154.2674,156.2108,153.7453,155.1343,26257096
2017/8/14,156.9469,157.8236,156.3854,157.469,22122734
2017/8/15,158.2669,159.7791,157.7547,159.1929,29465487
2017/8/16,159.5279,160.0894,157.7645,158.5526,27671612
2017/8/17,158.129,158.3162,155.4889,155.5086,27940565
2017/8/18,155.5086,157.1242,154.3856,155.154,27428069
2017/8/21,155.154,155.5382,152.7997,154.8683,26368528
2017/8/22,155.8731,157.6168,155.6663,157.4,21604585
2017/8/23,156.7006,158.0798,156.5135,157.5971,19399081
2017/8/24,158.0404,158.3458,156.1884,156.8976,19818918
2017/8/25,157.272,158.1684,156.8976,157.4789,25480063
2017/8/28,157.7547,159.587,157.5478,159.0649,25965972
2017/8/29,157.7153,160.6903,157.6168,160.4834,29516910
2017/8/30,161.3602,161.4488,160.1879,160.9169,27269584
2017/8/31,161.2026,162.0694,161.0449,161.5572,26785096
2017/9/1,162.3453,162.4832,161.1927,161.6064,16591051
2017/9/5,161.3109,161.8035,158.1684,159.6658,29536314
2017/9/6,160.2864,160.5622,158.129,159.4983,21651726
2017/9/7,159.6756,159.8234,157.9714,158.858,21928502
2017/9/8,158.464,158.7496,156.1687,156.2672,28611535
2017/9/11,158.1093,159.6362,157.5084,159.0944,31580798
2017/9/12,160.1879,161.5178,156.4051,158.464,71714046
2017/9/13,157.4887,157.5774,155.5579,157.272,44907361
2017/9/14,156.6218,157.0257,155.7352,155.9224,23760749
2017/9/15,156.1096,158.5723,155.6466,157.4986,49114602
2017/9/18,157.7251,158.1093,155.6416,156.3066,28269435
2017/9/19,157.1341,157.3902,156.08,156.3657,20810632
2017/9/20,155.5481,155.9027,151.5387,153.7453,52951364
2017/9/21,153.4793,153.4793,150.4748,151.1052,37511661
2017/9/22,149.7556,150.0019,148.3174,149.6276,46645443
2017/9/25,147.7559,149.5685,146.9382,148.3075,44387336
2017/9/26,149.5192,151.6273,149.4306,150.859,36660045
2017/9/27,151.5091,152.4143,151.253,151.9327,25504227
2017/9/28,151.5978,151.982,150.4255,150.9969,22005455
2017/9/29,150.9279,151.8342,149.7359,151.8244,26299810
2017/10/2,151.9623,152.1494,150.4452,151.519,18698842
2017/10/3,151.716,152.7799,151.6175,152.179,16230293
2017/10/4,151.3417,151.5682,150.1891,151.1939,20163750
2017/10/5,151.8835,153.1247,151.7554,153.0754,21283769
2017/10/6,152.6617,153.1739,152.2578,152.9868,17407558
2017/10/9,153.4892,154.3955,153.169,153.5187,16262923
2017/10/10,153.7305,155.6466,152.7898,153.5778,15617014
2017/10/11,153.6468,154.6418,153.4301,154.2182,16905640
2017/10/12,154.0211,155.0259,153.4103,153.6764,16125054
2017/10/13,154.3955,154.9373,154.0802,154.6516,16394188
2017/10/16,155.5481,157.6168,155.3018,157.4986,24121452
2017/10/17,157.4,158.4738,156.8582,158.0798,18997275
2017/10/18,158.0305,158.3162,157.2227,157.3803,16374164
2017/10/19,154.4152,154.7403,152.7109,153.6567,42584166
2017/10/20,154.2773,155.4003,153.6369,153.9226,23974146
2017/10/23,154.5531,155.3412,153.1838,153.8438,21984327
2017/10/24,153.962,155.0752,153.8734,154.76,17757230
2017/10/25,154.5728,155.2033,152.9572,154.0802,21207098
2017/10/26,154.888,155.4786,154.4447,155.0654,17000469
2017/10/27,156.9173,161.1632,156.3361,160.6213,44454160
2017/10/30,161.4488,165.5666,161.2814,164.2367,44700772
2017/10/31,165.3991,167.1229,164.4534,166.5221,36046828
2017/11/1,167.3398,167.4087,163.1432,164.4041,33637762
2017/11/2,165.143,165.9902,162.8181,165.606,41393373
2017/11/3,171.4082,171.6644,168.5711,169.9306,59398631
2017/11/6,169.7976,172.3835,169.1622,171.6545,35026306
2017/11/7,171.3196,172.6396,171.0142,172.2062,24361485
2017/11/8,172.0584,173.6149,171.7333,173.6149,24409527
2017/11/9,172.5017,173.472,170.561,173.2602,29185668
2017/11/10,173.1218,173.3888,172.2914,172.6868,25145500
2017/11/13,171.5301,172.5188,171.4312,171.9948,16982080
2017/11/14,171.0753,171.5103,169.2364,169.3946,24782487
2017/11/15,168.0402,168.3859,166.4682,167.1603,29158070
2017/11/16,169.2364,169.9186,168.3664,169.1574,23637484
2017/11/17,169.098,169.4441,167.7139,168.2181,21899544
2017/11/20,168.3566,168.6235,167.6348,168.0501,16262447
2017/11/21,168.841,171.7278,168.841,171.1742,25131295
2017/11/22,171.3917,173.0131,171.0852,172.9735,25588925
2017/11/24,173.1119,173.5074,172.663,172.9834,14026673
2017/11/27,173.0625,173.0922,171.3719,172.1134,20716802
2017/11/28,172.321,172.8846,169.9087,171.105,26428802
2017/11/29,170.67,170.9567,165.2621,167.5558,41666364
2017/11/30,168.495,170.1855,166.5276,169.8988,41527218
2017/12/1,168.0204,169.7209,166.5869,169.1079,39759288
2017/12/4,170.5217,170.6601,167.704,167.8721,32542385
2017/12/5,167.1405,169.5726,166.488,167.7139,27350154
2017/12/6,165.5982,168.2722,164.57,167.0911,28560000
2017/12/7,167.1109,168.5049,166.9922,167.3976,25673308
2017/12/8,168.5543,169.0585,166.9032,167.447,23355231
2017/12/11,167.2789,170.927,166.8736,170.7095,35273759
2017/12/12,170.1954,170.4327,169.5143,169.7505,19409230
2017/12/13,170.5415,171.5697,170.0471,170.3141,23818447
2017/12/14,170.4426,171.1643,169.7011,170.2646,20476541
2017/12/15,171.6586,172.1925,170.5019,171.9948,40169307
2017/12/18,172.8944,175.1881,172.8747,174.417,29421114
2017/12/19,173.0427,173.3987,172.1134,172.5583,27436447
2017/12/20,172.8846,173.4283,171.2829,172.3705,23475649
2017/12/21,172.1925,174.0215,172.1233,173.023,20949896
2017/12/22,172.6967,173.4323,172.5188,173.023,16349444
2017/12/26,168.8608,169.5232,167.7525,168.6334,33185536
2017/12/27,168.1687,168.841,167.7831,168.663,21498213
2017/12/28,169.0585,169.8988,168.5444,169.1376,16480187
2017/12/29,168.5839,168.6531,167.2987,167.3086,25999922
2018/1/2,168.228,170.3437,167.3382,170.3042,25555934
2018/1/3,170.5711,172.5682,170.0076,170.2745,29517899
2018/1/4,170.581,171.5005,170.1262,171.0654,22434597
2018/1/5,171.4708,173.3789,171.0852,173.0131,23660018
2018/1/8,172.3705,173.6162,171.9552,172.3705,20567766
2018/1/9,172.5682,173.0724,171.4411,172.3507,21583997
2018/1/10,171.194,172.321,171.0358,172.3111,23959895
2018/1/11,172.6077,173.4961,172.5089,173.2899,18667729
2018/1/12,174.1797,175.3463,173.6557,175.0794,25418080
2018/1/16,175.8802,177.3532,174.1401,174.1896,29565947
2018/1/17,174.15,177.2148,173.0823,177.0665,34386836
2018/1/18,177.3335,178.0552,176.2262,177.2247,31193352
2018/1/19,176.5821,177.5411,175.3957,176.4338,32425067
2018/1/22,175.287,175.7615,174.5965,174.9904,27108551
2018/1/23,175.287,177.4027,174.8124,175.0299,32689146
2018/1/24,175.2375,175.287,171.2335,172.2419,51105090
2018/1/25,172.5237,172.9636,168.5938,169.1672,41529004
2018/1/26,170.0471,170.0471,168.1292,169.5627,39143011
2018/1/29,168.228,168.228,165.1731,166.053,50640406
2018/1/30,163.6457,165.4697,162.83,165.0743,46048185
2018/1/31,164.9754,166.5292,164.6096,165.529,32478930
2018/2/1,165.267,166.7055,164.8666,165.8751,47230787
2018/2/2,164.1153,164.9062,158.2823,158.6777,86593825
2018/2/5,157.2936,162.0193,154.2288,154.7132,72738522
2018/2/6,153.0721,161.8611,152.2515,161.179,68243838
2018/2/7,161.2334,161.5448,157.2625,157.7286,51608580
2018/2/8,158.4701,159.172,153.2698,153.3885,54390516
2018/2/9,155.9198,156.7338,149.1399,155.2647,70672608
2018/2/12,157.3394,162.6899,156.3566,161.5185,60819539
2018/2/13,160.7641,163.5436,160.4663,163.1366,32549163
2018/2/14,161.8511,166.3132,161.6873,166.1444,40644933
2018/2/15,168.5467,171.8225,167.7625,171.7233,51147171
2018/2/16,171.0979,173.5399,170.5122,171.1674,40176091
2018/2/20,170.7902,172.984,170.1648,170.5916,33930540
2018/2/21,171.5644,172.845,169.7578,169.8173,37471623
2018/2/22,170.542,172.6762,170.4526,171.2369,30991940
2018/2/23,172.3983,174.3638,172.2692,174.2149,33812360
2018/2/26,175.0587,178.0764,174.9197,177.6595,38162174
2018/2/27,177.7885,179.1584,176.8554,177.0837,38928125
2018/2/28,177.9474,179.2924,176.7462,176.8157,37782138
2018/3/1,177.2326,178.4586,171.3957,173.7185,48801970
2018/3/2,171.5347,175.009,171.1872,174.9197,38453950
2018/3/5,173.927,176.4385,173.2421,175.5252,28401366
2018/3/6,176.6072,176.9448,174.8403,175.3763,23788506
2018/3/7,173.659,174.5623,172.9939,173.7483,31703462
2018/3/8,174.195,175.823,173.788,175.6443,23774107
2018/3/9,176.6569,178.6819,176.091,178.6621,32185162
2018/3/12,178.9698,181.0544,178.8904,180.3893,32207081
2018/3/13,181.253,182.1563,177.9275,178.6522,31693529
2018/3/14,178.9996,179.1981,176.508,177.1334,29368356
2018/3/15,177.1929,178.9202,176.7662,177.3418,22743798
2018/3/16,177.3418,177.8084,176.3194,176.7164,39404688
2018/3/19,176.0216,176.1705,172.3884,174.0164,33446771
2018/3/20,173.9568,175.5054,173.659,173.9568,19649350
2018/3/21,173.7583,173.8079,170.0059,170.0159,37054935
2018/3/22,168.7552,171.4155,167.3654,167.6136,41490767
2018/3/23,167.157,168.6757,163.7322,163.7322,41028784
2018/3/26,166.8393,171.8325,165.2212,171.5049,37541236
2018/3/27,172.4082,173.8675,165.6977,167.1073,40922579
2018/3/28,166.0253,168.775,163.9804,165.2609,41668545
2018/3/29,166.5762,170.4923,165.6779,166.5514,38398505
2018/4/2,166.6507,167.7029,163.2657,165.4595,37586791
2018/4/3,166.4124,167.5098,163.6727,167.157,30278046
2018/4/4,163.6727,170.7504,163.5635,170.3534,34605489
2018/4/5,171.3163,172.9546,170.8199,171.5347,26933197
2018/4/6,169.7181,171.217,166.9683,167.147,35005290
2018/4/9,168.636,171.8225,168.6013,168.8048,29017718
2018/4/10,171.7332,172.7259,170.274,171.9814,28614241
2018/4/11,170.9688,172.6496,170.4427,171.1773,22431640
2018/4/12,172.1402,173.7185,171.7729,172.8648,22889285
2018/4/13,173.5002,174.5524,172.577,173.4505,25124255
2018/4/16,173.7484,174.8998,173.5499,174.5325,21578420
2018/4/17,175.1976,177.6262,175.1182,176.9348,26605442
2018/4/18,176.508,177.5106,175.5848,176.5378,20754538
2018/4/19,173.6689,174.1057,171.3957,171.5347,34808800
2018/4/20,169.3458,169.9646,164.2186,164.5065,65491140
2018/4/23,165.6131,165.6977,162.8884,164.03,36515477
2018/4/24,164.4569,165.112,160.0396,161.7469,33692017
2018/4/25,161.4292,164.2087,161.2207,162.4517,28382084
2018/4/26,162.9182,164.5164,162.1737,163.0175,27963014
2018/4/27,162.7991,163.1267,159.4538,161.1314,35655839
2018/4/30,160.943,166.0352,160.6549,164.0499,42427424
2018/5/1,165.1916,167.961,164.0598,167.8618,53569376
2018/5/2,173.9419,176.4484,172.5273,175.2771,66539371
2018/5/3,174.5921,176.2002,173.1637,175.5947,34068180
2018/5/4,176.9448,182.9008,176.8653,182.4839,56201317
2018/5/7,183.824,186.2958,183.3972,183.8042,42451423
2018/5/8,183.6354,184.8564,182.3201,184.6876,28402777
2018/5/9,185.184,186.0277,183.8637,185.988,23211241
2018/5/10,186.3653,188.976,186.2759,188.6484,27989289
2018/5/11,188.8277,189.3957,186.7949,187.9309,26212221
2018/5/14,188.3494,188.8676,187.2034,187.4924,20778772
2018/5/15,186.1272,186.4162,184.4531,185.7884,23695159
2018/5/16,185.4197,187.8013,185.3499,187.5223,19183064
2018/5/17,187.3429,188.2498,185.7087,186.3365,17294029
2018/5/18,186.5358,187.1538,185.4795,185.6588,18297728
2018/5/21,187.3429,188.6085,186.2573,186.9742,18400787
2018/5/22,187.7166,188.2199,186.1272,186.5059,15240704
2018/5/23,185.6987,187.8412,185.1108,187.7017,20058415
2018/5/24,188.1102,188.18,185.5592,187.4924,23233975
2018/5/25,187.5721,188.9872,186.9942,187.9209,17460963
2018/5/29,186.9443,188.0903,186.2169,187.2433,22514075
2018/5/30,187.0639,187.3429,186.1272,186.8447,18690547
2018/5/31,186.5657,187.5721,185.4894,186.2169,27482793
2018/6/1,187.3342,189.595,187.0938,189.5751,23442510
2018/6/4,190.9652,192.744,190.6812,191.1596,26266174
2018/6/5,192.3902,193.2622,191.6877,192.6344,21565963
2018/6/6,192.9533,193.4017,191.2492,193.302,20933619
2018/6/7,193.4615,193.5213,191.6628,192.7839,21347180
2018/6/8,190.5019,191.329,189.1068,191.03,26656799
2018/6/11,190.6812,191.2991,189.5452,190.5617,18308460
2018/6/12,190.7161,191.9378,190.4819,191.608,16911141
2018/6/13,191.7475,192.2059,189.7744,190.0335,21638393
2018/6/14,190.8805,190.9005,189.5552,190.1332,21610074
2018/6/15,189.3658,189.4954,187.602,188.18,61719160
2018/6/18,187.2234,188.5587,186.5457,188.0804,18484865
2018/6/19,184.4929,185.6788,182.8088,185.041,33578455
2018/6/20,185.6987,186.5457,185.0809,185.8482,20628701
2018/6/21,186.5956,187.6917,184.2936,184.8118,25711898
2018/6/22,185.4695,185.4994,184.0545,184.2737,27200447
2018/6/25,182.759,184.2737,180.0983,181.5333,31663096
2018/6/26,182.3504,185.8781,181.902,183.7854,24569201
2018/6/27,184.5804,186.6255,183.3868,183.5164,25285328
2018/6/28,183.4566,185.5592,183.1576,184.8517,17365235
2018/6/29,185.6389,186.5358,182.2707,184.463,22737666
2018/7/2,183.1775,186.6454,182.7789,186.5258,17731343
2018/7/3,187.1337,187.2931,182.8985,183.2772,13954806
2018/7/5,184.6125,185.7585,183.6359,184.752,16604248
2018/7/6,184.772,187.7754,184.5527,187.313,17485245
2018/7/9,188.8377,190.0136,188.6384,189.9139,19756634
2018/7/10,190.0435,190.6115,189.5154,189.6847,15939149
2018/7/11,187.8412,189.1166,186.9543,187.2234,18831470
2018/7/12,188.8676,190.741,188.6484,190.3623,18041131
2018/7/13,190.4122,191.1695,190.2328,190.6613,12519792
2018/7/16,190.8506,191.9767,189.7495,190.2428,15043110
2018/7/17,189.0868,191.1994,188.5387,190.7809,15534523
2018/7/18,191.1097,191.1297,189.2662,189.7346,16393381
2018/7/19,189.027,191.877,189.027,191.2094,20286752
2018/7/20,191.1097,191.7575,189.5054,190.7709,20706042
2018/7/23,190.0136,191.2891,188.8975,190.9403,15989365
2018/7/24,191.7774,192.9833,191.3788,192.3255,18697898
2018/7/25,192.3855,194.169,191.7575,194.1391,16826483
2018/7/26,193.9298,195.2751,192.9333,193.5312,19075964
2018/7/27,194.3085,194.5078,189.4356,190.3125,24023972
2018/7/30,191.2293,191.5283,188.4092,189.2463,21029535
2018/7/31,189.6349,191.4685,188.6783,189.6249,39373038
2018/8/1,198.434,201.0548,196.6204,200.7958,67935716
2018/8/2,199.879,207.6517,199.6498,206.6652,62404012
2018/8/3,206.3064,208.0105,204.7621,207.2631,33447396
2018/8/6,207.273,208.5187,206.3463,208.3393,25425387
2018/8/7,208.5884,208.7678,206.0374,206.3862,25587387
2018/8/8,205.3299,207.0837,203.8052,206.5257,22525487
2018/8/9,206.5556,209.0468,206.4758,208.15,23492626
2018/8/10,207.36,209.1,206.67,207.53,24611202
2018/8/13,207.7,210.952,207.7,208.87,25890880
2018/8/14,210.155,210.56,208.26,209.75,20748010
2018/8/15,209.22,210.74,208.33,210.24,28807564
2018/8/16,211.75,213.8121,211.47,213.32,28500367
2018/8/17,213.44,217.95,213.16,217.58,35426997
2018/8/20,218.1,219.18,215.11,215.46,30287695
2018/8/21,216.8,217.19,214.025,215.04,26159755
2018/8/22,214.1,216.36,213.84,215.05,19018131
2018/8/23,214.65,217.05,214.6,215.49,18883224
2018/8/24,216.6,216.9,215.11,216.16,18476356
2018/8/27,217.15,218.74,216.33,217.94,20525117
2018/8/28,219.01,220.54,218.92,219.7,22776766
2018/8/29,220.15,223.49,219.41,222.98,27254804
2018/8/30,223.25,228.26,222.4,225.03,48793824
2018/8/31,226.51,228.87,226,227.63,43340134
2018/9/4,228.41,229.18,226.63,228.36,27390132
2018/9/5,228.99,229.67,225.1,226.87,33332960
2018/9/6,226.23,227.35,221.3,223.1,34289976
2018/9/7,221.85,225.37,220.71,221.3,37619810
2018/9/10,220.95,221.85,216.47,218.33,39516453
